-- Seed data: 100 books from chitai-gorod.ru
-- Generated by scripts/parser_chitai_gorod.py

BEGIN;

INSERT INTO bookshop.authors (id, name, bio) VALUES (100, 'Redice Studio),  h-goon', '') ON CONFLICT DO NOTHING;
INSERT INTO bookshop.authors (id, name, bio) VALUES (101, 'отец)', '') ON CONFLICT DO NOTHING;
INSERT INTO bookshop.publishers (id, name) VALUES (102, 'Clever') ON CONFLICT DO NOTHING;
INSERT INTO bookshop.publishers (id, name) VALUES (103, 'Corpus') ON CONFLICT DO NOTHING;
INSERT INTO bookshop.publishers (id, name) VALUES (104, 'АСТ') ON CONFLICT DO NOTHING;
INSERT INTO bookshop.publishers (id, name) VALUES (105, 'Азбука') ON CONFLICT DO NOTHING;
INSERT INTO bookshop.publishers (id, name) VALUES (106, 'Альпина') ON CONFLICT DO NOTHING;
INSERT INTO bookshop.publishers (id, name) VALUES (107, 'Легион') ON CONFLICT DO NOTHING;
INSERT INTO bookshop.publishers (id, name) VALUES (108, 'Манн, Иванов и Фербер') ON CONFLICT DO NOTHING;
INSERT INTO bookshop.publishers (id, name) VALUES (109, 'Махаон') ON CONFLICT DO NOTHING;
INSERT INTO bookshop.publishers (id, name) VALUES (110, 'Национальное образование') ON CONFLICT DO NOTHING;
INSERT INTO bookshop.publishers (id, name) VALUES (111, 'О2 Young adult книги') ON CONFLICT DO NOTHING;
INSERT INTO bookshop.publishers (id, name) VALUES (112, 'Питер') ON CONFLICT DO NOTHING;
INSERT INTO bookshop.publishers (id, name) VALUES (113, 'Фантом Пресс') ON CONFLICT DO NOTHING;
INSERT INTO bookshop.publishers (id, name) VALUES (114, 'Эксмо') ON CONFLICT DO NOTHING;
INSERT INTO bookshop.categories (id, name, slug, description) VALUES (115, 'Магазины / Акции / Распродажа / Больше чем книжный', '', '') ON CONFLICT DO NOTHING;

INSERT INTO bookshop.books (id, title, description, isbn, price, book_type, stock_quantity, file_key, cover_image_key, publisher_id) VALUES (117, 'Если все кошки в мире исчезнут (покет)', 'Книга Если все кошки в мире исчезнут (покет) (Гэнки Кавамура) 📖 В книжном интернет-магазине Читай-город вы можете легко и приятно заказать книгу. Бесплатная доставка по всей России, собственная программа лояльности. (978-5-04-181395-6)', '978-5-99-000117-1', 455, 'digital', NULL, 'books/book_117.pdf', 'covers/book_117.jpg', 114) ON CONFLICT (isbn) DO UPDATE SET title = EXCLUDED.title;
INSERT INTO bookshop.books (id, title, description, isbn, price, book_type, stock_quantity, file_key, cover_image_key, publisher_id) VALUES (118, 'Возвращение Синей Бороды', 'Книга Возвращение Синей Бороды (Виктор Пелевин) 📖 В книжном интернет-магазине Читай-город вы можете легко и приятно заказать книгу. Бесплатная доставка по всей России, собственная программа лояльности. (978-5-04-241368-1)', '978-5-99-000118-1', 1439, 'digital', NULL, 'books/book_118.pdf', 'covers/book_118.jpg', 114) ON CONFLICT (isbn) DO UPDATE SET title = EXCLUDED.title;
INSERT INTO bookshop.books (id, title, description, isbn, price, book_type, stock_quantity, file_key, cover_image_key, publisher_id) VALUES (119, 'Кафе на краю земли', 'Книга Кафе на краю земли (Джон Стрелеки) 📖 В книжном интернет-магазине Читай-город вы можете легко и приятно заказать книгу. Бесплатная доставка по всей России, собственная программа лояльности. (978-5-699-97324-8)', '978-5-99-000119-1', 443, 'digital', NULL, 'books/book_119.pdf', 'covers/book_119.jpg', 114) ON CONFLICT (isbn) DO UPDATE SET title = EXCLUDED.title;
INSERT INTO bookshop.books (id, title, description, isbn, price, book_type, stock_quantity, file_key, cover_image_key, publisher_id) VALUES (120, '1984 (новый перевод)', 'Книга 1984 (новый перевод) (Джордж Оруэлл) 📖 В книжном интернет-магазине Читай-город вы можете легко и приятно заказать книгу. Бесплатная доставка по всей России, собственная программа лояльности. (978-5-17-148844-4)', '978-5-99-000120-1', 419, 'digital', NULL, 'books/book_120.pdf', 'covers/book_120.jpg', 104) ON CONFLICT (isbn) DO UPDATE SET title = EXCLUDED.title;
INSERT INTO bookshop.books (id, title, description, isbn, price, book_type, stock_quantity, file_key, cover_image_key, publisher_id) VALUES (121, 'Грозовой перевал', 'Книга Грозовой перевал (Эмили Джейн Бронте) 📖 В книжном интернет-магазине Читай-город вы можете легко и приятно заказать книгу. Бесплатная доставка по всей России, собственная программа лояльности. (978-5-17-127202-9)', '978-5-99-000121-1', 371, 'digital', NULL, 'books/book_121.pdf', 'covers/book_121.jpg', 104) ON CONFLICT (isbn) DO UPDATE SET title = EXCLUDED.title;
INSERT INTO bookshop.books (id, title, description, isbn, price, book_type, stock_quantity, file_key, cover_image_key, publisher_id) VALUES (122, 'Бабушка сказала сидеть тихо', 'Книга Бабушка сказала сидеть тихо (Настасья Реньжина) 📖 В книжном интернет-магазине Читай-город вы можете легко и приятно заказать книгу. Бесплатная доставка по всей России, собственная программа лояльности. (978-5-04-191103-4)', '978-5-99-000122-1', 839, 'digital', NULL, 'books/book_122.pdf', 'covers/book_122.jpg', 114) ON CONFLICT (isbn) DO UPDATE SET title = EXCLUDED.title;
INSERT INTO bookshop.books (id, title, description, isbn, price, book_type, stock_quantity, file_key, cover_image_key, publisher_id) VALUES (123, 'Скорбь Сатаны', 'Книга Скорбь Сатаны (Мария Корелли) 📖 В книжном интернет-магазине Читай-город вы можете легко и приятно заказать книгу. Бесплатная доставка по всей России, собственная программа лояльности. (978-5-17-118314-1)', '978-5-99-000123-1', 431, 'digital', NULL, 'books/book_123.pdf', 'covers/book_123.jpg', 104) ON CONFLICT (isbn) DO UPDATE SET title = EXCLUDED.title;
INSERT INTO bookshop.books (id, title, description, isbn, price, book_type, stock_quantity, file_key, cover_image_key, publisher_id) VALUES (124, 'Бог всегда путешествует инкогнито', 'Книга Бог всегда путешествует инкогнито (Лоран Гунель) 📖 В книжном интернет-магазине Читай-город вы можете легко и приятно заказать книгу. Бесплатная доставка по всей России, собственная программа лояльности. (978-5-389-19126-6)', '978-5-99-000124-1', 599, 'digital', NULL, 'books/book_124.pdf', 'covers/book_124.jpg', 105) ON CONFLICT (isbn) DO UPDATE SET title = EXCLUDED.title;
INSERT INTO bookshop.books (id, title, description, isbn, price, book_type, stock_quantity, file_key, cover_image_key, publisher_id) VALUES (125, 'Спеши любить', 'Книга Спеши любить (Николас Спаркс) 📖 В книжном интернет-магазине Читай-город вы можете легко и приятно заказать книгу. Бесплатная доставка по всей России, собственная программа лояльности. (978-5-17-100426-2)', '978-5-99-000125-1', 443, 'digital', NULL, 'books/book_125.pdf', 'covers/book_125.jpg', 104) ON CONFLICT (isbn) DO UPDATE SET title = EXCLUDED.title;
INSERT INTO bookshop.books (id, title, description, isbn, price, book_type, stock_quantity, file_key, cover_image_key, publisher_id) VALUES (126, 'Игры королей. Принцесса Ардена', 'Книга Игры королей. Принцесса Ардена (Софи Анри) 📖 В книжном интернет-магазине Читай-город вы можете легко и приятно заказать книгу. Бесплатная доставка по всей России, собственная программа лояльности. (978-5-04-231234-2)', '978-5-99-000126-1', 1055, 'digital', NULL, 'books/book_126.pdf', 'covers/book_126.jpg', 114) ON CONFLICT (isbn) DO UPDATE SET title = EXCLUDED.title;
INSERT INTO bookshop.books (id, title, description, isbn, price, book_type, stock_quantity, file_key, cover_image_key, publisher_id) VALUES (127, 'Самый богатый человек в Вавилоне (львы)', 'Книга Самый богатый человек в Вавилоне (львы) (Джордж Сэмюэль Клейсон) 📖 В книжном интернет-магазине Читай-город вы можете легко и приятно заказать книгу. Бесплатная доставка по всей России, собственная программа лояльности. (978-5-04-174811-1)', '978-5-99-000127-1', 659, 'digital', NULL, 'books/book_127.pdf', 'covers/book_127.jpg', 114) ON CONFLICT (isbn) DO UPDATE SET title = EXCLUDED.title;
INSERT INTO bookshop.books (id, title, description, isbn, price, book_type, stock_quantity, file_key, cover_image_key, publisher_id) VALUES (128, 'Точка зрения Всеведущего читателя. Том 1 (Всеведущий читатель / Omniscient Reader''s Viewpoint). Новелла + мерч', 'Книга Точка зрения Всеведущего читателя. Том 1 (Всеведущий читатель / Omniscient Reader''s Viewpoint). Новелла + мерч (singNsong ) 📖 В книжном интернет-магазине Читай-город вы можете легко и приятно заказать книгу. Бесплатная доставка по всей России, собственная программа лояльности. (2008837930451)', '978-5-99-000128-1', 1919, 'digital', NULL, 'books/book_128.pdf', 'covers/book_128.jpg', 111) ON CONFLICT (isbn) DO UPDATE SET title = EXCLUDED.title;
INSERT INTO bookshop.books (id, title, description, isbn, price, book_type, stock_quantity, file_key, cover_image_key, publisher_id) VALUES (129, 'В начале было Слово — в конце будет Цифра', 'Книга В начале было Слово — в конце будет Цифра (Маргарита Симоньян) 📖 В книжном интернет-магазине Читай-город вы можете легко и приятно заказать книгу. Бесплатная доставка по всей России, собственная программа лояльности. (978-5-17-164072-9)', '978-5-99-000129-1', 1599, 'digital', NULL, 'books/book_129.pdf', 'covers/book_129.jpg', 104) ON CONFLICT (isbn) DO UPDATE SET title = EXCLUDED.title;
INSERT INTO bookshop.books (id, title, description, isbn, price, book_type, stock_quantity, file_key, cover_image_key, publisher_id) VALUES (130, 'Тайная история', 'Книга Тайная история (Донна Тартт) 📖 В книжном интернет-магазине Читай-город вы можете легко и приятно заказать книгу. Бесплатная доставка по всей России, собственная программа лояльности. (978-5-17-087295-4)', '978-5-99-000130-1', 1799, 'digital', NULL, 'books/book_130.pdf', 'covers/book_130.jpg', 103) ON CONFLICT (isbn) DO UPDATE SET title = EXCLUDED.title;
INSERT INTO bookshop.books (id, title, description, isbn, price, book_type, stock_quantity, file_key, cover_image_key, publisher_id) VALUES (131, 'Точка зрения Всеведущего читателя. Том 2 (Всеведущий читатель / Omniscient Reader''s Viewpoint). Новелла + мерч', 'Книга Точка зрения Всеведущего читателя. Том 2 (Всеведущий читатель / Omniscient Reader''s Viewpoint). Новелла + мерч (singNsong ) 📖 В книжном интернет-магазине Читай-город вы можете легко и приятно заказать книгу. Бесплатная доставка по всей России, собственная программа лояльности. (4680274072987)', '978-5-99-000131-1', 1919, 'digital', NULL, 'books/book_131.pdf', 'covers/book_131.jpg', 111) ON CONFLICT (isbn) DO UPDATE SET title = EXCLUDED.title;
INSERT INTO bookshop.books (id, title, description, isbn, price, book_type, stock_quantity, file_key, cover_image_key, publisher_id) VALUES (132, 'Хороших девочек не убивают', 'Книга Хороших девочек не убивают (Холли Джексон) 📖 В книжном интернет-магазине Читай-город вы можете легко и приятно заказать книгу. Бесплатная доставка по всей России, собственная программа лояльности. (978-5-17-132604-3)', '978-5-99-000132-1', 899, 'digital', NULL, 'books/book_132.pdf', 'covers/book_132.jpg', 104) ON CONFLICT (isbn) DO UPDATE SET title = EXCLUDED.title;
INSERT INTO bookshop.books (id, title, description, isbn, price, book_type, stock_quantity, file_key, cover_image_key, publisher_id) VALUES (133, 'Летний лагерь', 'Книга Летний лагерь (Влад Райбер) 📖 В книжном интернет-магазине Читай-город вы можете легко и приятно заказать книгу. Бесплатная доставка по всей России, собственная программа лояльности. (978-5-04-204348-2)', '978-5-99-000133-1', 899, 'digital', NULL, 'books/book_133.pdf', 'covers/book_133.jpg', 114) ON CONFLICT (isbn) DO UPDATE SET title = EXCLUDED.title;
INSERT INTO bookshop.books (id, title, description, isbn, price, book_type, stock_quantity, file_key, cover_image_key, publisher_id) VALUES (134, 'Конституция Российской Федерации со всеми последними поправками. С учетом образования в составе Российской Федерации новых субъектов', 'Книга Конституция Российской Федерации со всеми последними поправками. С учетом образования в составе Российской Федерации новых субъектов  📖 В книжном интернет-магазине Читай-город вы можете легко и приятно заказать книгу. Бесплатная доставка по всей России, собственная программа лояльности. (978-5-17-159576-0)', '978-5-99-000134-1', 170, 'digital', NULL, 'books/book_134.pdf', 'covers/book_134.jpg', 104) ON CONFLICT (isbn) DO UPDATE SET title = EXCLUDED.title;
INSERT INTO bookshop.books (id, title, description, isbn, price, book_type, stock_quantity, file_key, cover_image_key, publisher_id) VALUES (135, 'Щегол', 'Книга Щегол (Донна Тартт) 📖 В книжном интернет-магазине Читай-город вы можете легко и приятно заказать книгу. Бесплатная доставка по всей России, собственная программа лояльности. (978-5-17-085448-6)', '978-5-99-000135-1', 2159, 'digital', NULL, 'books/book_135.pdf', 'covers/book_135.jpg', 103) ON CONFLICT (isbn) DO UPDATE SET title = EXCLUDED.title;
INSERT INTO bookshop.books (id, title, description, isbn, price, book_type, stock_quantity, file_key, cover_image_key, publisher_id) VALUES (136, 'Преступление и наказание', 'Книга Преступление и наказание (Федор Достоевский) 📖 В книжном интернет-магазине Читай-город вы можете легко и приятно заказать книгу. Бесплатная доставка по всей России, собственная программа лояльности. (978-5-17-090630-7)', '978-5-99-000136-1', 407, 'digital', NULL, 'books/book_136.pdf', 'covers/book_136.jpg', 104) ON CONFLICT (isbn) DO UPDATE SET title = EXCLUDED.title;
INSERT INTO bookshop.books (id, title, description, isbn, price, book_type, stock_quantity, file_key, cover_image_key, publisher_id) VALUES (137, 'Десять негритят', 'Книга Десять негритят (Агата Кристи) 📖 В книжном интернет-магазине Читай-город вы можете легко и приятно заказать книгу. Бесплатная доставка по всей России, собственная программа лояльности. (978-5-04-103497-9)', '978-5-99-000137-1', 515, 'digital', NULL, 'books/book_137.pdf', 'covers/book_137.jpg', 114) ON CONFLICT (isbn) DO UPDATE SET title = EXCLUDED.title;
INSERT INTO bookshop.books (id, title, description, isbn, price, book_type, stock_quantity, file_key, cover_image_key, publisher_id) VALUES (138, 'Канашибари. Пока не погаснет последний фонарь. Том 1', 'Книга Канашибари. Пока не погаснет последний фонарь. Том 1 (Ангелина Шэн) 📖 В книжном интернет-магазине Читай-город вы можете легко и приятно заказать книгу. Бесплатная доставка по всей России, собственная программа лояльности. (978-5-353-10823-8)', '978-5-99-000138-1', 1175, 'digital', NULL, 'books/book_138.pdf', 'covers/book_138.jpg', 111) ON CONFLICT (isbn) DO UPDATE SET title = EXCLUDED.title;
INSERT INTO bookshop.books (id, title, description, isbn, price, book_type, stock_quantity, file_key, cover_image_key, publisher_id) VALUES (139, 'Твое сердце будет разбито', 'Книга Твое сердце будет разбито (Анна Джейн) 📖 В книжном интернет-магазине Читай-город вы можете легко и приятно заказать книгу. Бесплатная доставка по всей России, собственная программа лояльности. (978-5-00154-878-2)', '978-5-99-000139-1', 1020, 'digital', NULL, 'books/book_139.pdf', 'covers/book_139.jpg', 102) ON CONFLICT (isbn) DO UPDATE SET title = EXCLUDED.title;
INSERT INTO bookshop.books (id, title, description, isbn, price, book_type, stock_quantity, file_key, cover_image_key, publisher_id) VALUES (140, 'Если твоя память исчезнет (покет)', 'Книга Если твоя память исчезнет (покет) (Гэнки Кавамура) 📖 В книжном интернет-магазине Читай-город вы можете легко и приятно заказать книгу. Бесплатная доставка по всей России, собственная программа лояльности. (978-5-04-207740-1)', '978-5-99-000140-1', 455, 'digital', NULL, 'books/book_140.pdf', 'covers/book_140.jpg', 114) ON CONFLICT (isbn) DO UPDATE SET title = EXCLUDED.title;
INSERT INTO bookshop.books (id, title, description, isbn, price, book_type, stock_quantity, file_key, cover_image_key, publisher_id) VALUES (141, 'Я стал отбросом графской семьи. Том 4 (Я стал графским ублюдком). Новелла + официальный мерч', 'Книга Я стал отбросом графской семьи. Том 4 (Я стал графским ублюдком). Новелла + официальный мерч ( Ю Рё Хан) 📖 В книжном интернет-магазине Читай-город вы можете легко и приятно заказать книгу. Бесплатная доставка по всей России, собственная программа лояльности. (4680274073571)', '978-5-99-000141-1', 2159, 'digital', NULL, 'books/book_141.pdf', 'covers/book_141.jpg', 111) ON CONFLICT (isbn) DO UPDATE SET title = EXCLUDED.title;
INSERT INTO bookshop.books (id, title, description, isbn, price, book_type, stock_quantity, file_key, cover_image_key, publisher_id) VALUES (142, 'Невьянская башня', 'Книга Невьянская башня (Алексей Иванов) 📖 В книжном интернет-магазине Читай-город вы можете легко и приятно заказать книгу. Бесплатная доставка по всей России, собственная программа лояльности. (978-5-00223-733-3)', '978-5-99-000142-1', 1259, 'digital', NULL, 'books/book_142.pdf', 'covers/book_142.jpg', 106) ON CONFLICT (isbn) DO UPDATE SET title = EXCLUDED.title;
INSERT INTO bookshop.books (id, title, description, isbn, price, book_type, stock_quantity, file_key, cover_image_key, publisher_id) VALUES (143, 'Кафе на острове Сен-Луи. Родные души всегда находят друг друга', 'Книга Кафе на острове Сен-Луи. Родные души всегда находят друг друга (Сабрина Филипп) 📖 В книжном интернет-магазине Читай-город вы можете легко и приятно заказать книгу. Бесплатная доставка по всей России, собственная программа лояльности. (978-5-04-212959-9)', '978-5-99-000143-1', 839, 'digital', NULL, 'books/book_143.pdf', 'covers/book_143.jpg', 114) ON CONFLICT (isbn) DO UPDATE SET title = EXCLUDED.title;
INSERT INTO bookshop.books (id, title, description, isbn, price, book_type, stock_quantity, file_key, cover_image_key, publisher_id) VALUES (144, 'Разреши любить. Позволь мне быть рядом', 'Книга Разреши любить. Позволь мне быть рядом (Анна Джейн) 📖 В книжном интернет-магазине Читай-город вы можете легко и приятно заказать книгу. Бесплатная доставка по всей России, собственная программа лояльности. (978-5-00252-277-4)', '978-5-99-000144-1', 875, 'digital', NULL, 'books/book_144.pdf', 'covers/book_144.jpg', 102) ON CONFLICT (isbn) DO UPDATE SET title = EXCLUDED.title;
INSERT INTO bookshop.books (id, title, description, isbn, price, book_type, stock_quantity, file_key, cover_image_key, publisher_id) VALUES (145, 'Мастер и Маргарита: роман', 'Книга Мастер и Маргарита: роман (Михаил Булгаков) 📖 В книжном интернет-магазине Читай-город вы можете легко и приятно заказать книгу. Бесплатная доставка по всей России, собственная программа лояльности. (978-5-17-149175-8)', '978-5-99-000145-1', 383, 'digital', NULL, 'books/book_145.pdf', 'covers/book_145.jpg', 104) ON CONFLICT (isbn) DO UPDATE SET title = EXCLUDED.title;
INSERT INTO bookshop.books (id, title, description, isbn, price, book_type, stock_quantity, file_key, cover_image_key, publisher_id) VALUES (146, 'Города мертвых', 'Книга Города мертвых (Георгий Зотов) 📖 В книжном интернет-магазине Читай-город вы можете легко и приятно заказать книгу. Бесплатная доставка по всей России, собственная программа лояльности. (978-5-17-178874-2)', '978-5-99-000146-1', 999, 'digital', NULL, 'books/book_146.pdf', 'covers/book_146.jpg', 104) ON CONFLICT (isbn) DO UPDATE SET title = EXCLUDED.title;
INSERT INTO bookshop.books (id, title, description, isbn, price, book_type, stock_quantity, file_key, cover_image_key, publisher_id) VALUES (147, 'Перекресток Воронов', 'Книга Перекресток Воронов  (Анджей Сапковский) 📖 В книжном интернет-магазине Читай-город вы можете легко и приятно заказать книгу. Бесплатная доставка по всей России, собственная программа лояльности. (978-5-17-173986-7)', '978-5-99-000147-1', 959, 'digital', NULL, 'books/book_147.pdf', 'covers/book_147.jpg', 104) ON CONFLICT (isbn) DO UPDATE SET title = EXCLUDED.title;
INSERT INTO bookshop.books (id, title, description, isbn, price, book_type, stock_quantity, file_key, cover_image_key, publisher_id) VALUES (148, 'Синие бабочки', 'Книга Синие бабочки (Джек Тодд) 📖 В книжном интернет-магазине Читай-город вы можете легко и приятно заказать книгу. Бесплатная доставка по всей России, собственная программа лояльности. (978-5-17-179675-4)', '978-5-99-000148-1', 899, 'digital', NULL, 'books/book_148.pdf', 'covers/book_148.jpg', 104) ON CONFLICT (isbn) DO UPDATE SET title = EXCLUDED.title;
INSERT INTO bookshop.books (id, title, description, isbn, price, book_type, stock_quantity, file_key, cover_image_key, publisher_id) VALUES (149, 'Отыграть назад', 'Книга Отыграть назад (Лиз Томфорд) 📖 В книжном интернет-магазине Читай-город вы можете легко и приятно заказать книгу. Бесплатная доставка по всей России, собственная программа лояльности. (978-5-04-226217-3)', '978-5-99-000149-1', 1139, 'digital', NULL, 'books/book_149.pdf', 'covers/book_149.jpg', 114) ON CONFLICT (isbn) DO UPDATE SET title = EXCLUDED.title;
INSERT INTO bookshop.books (id, title, description, isbn, price, book_type, stock_quantity, file_key, cover_image_key, publisher_id) VALUES (150, 'Дневник памяти', 'Книга Дневник памяти (Николас Спаркс) 📖 В книжном интернет-магазине Читай-город вы можете легко и приятно заказать книгу. Бесплатная доставка по всей России, собственная программа лояльности. (978-5-17-093757-8)', '978-5-99-000150-1', 443, 'digital', NULL, 'books/book_150.pdf', 'covers/book_150.jpg', 104) ON CONFLICT (isbn) DO UPDATE SET title = EXCLUDED.title;
INSERT INTO bookshop.books (id, title, description, isbn, price, book_type, stock_quantity, file_key, cover_image_key, publisher_id) VALUES (151, 'Идиот', 'Книга Идиот (Федор Достоевский) 📖 В книжном интернет-магазине Читай-город вы можете легко и приятно заказать книгу. Бесплатная доставка по всей России, собственная программа лояльности. (978-5-17-146484-4)', '978-5-99-000151-1', 395, 'digital', NULL, 'books/book_151.pdf', 'covers/book_151.jpg', 104) ON CONFLICT (isbn) DO UPDATE SET title = EXCLUDED.title;
INSERT INTO bookshop.books (id, title, description, isbn, price, book_type, stock_quantity, file_key, cover_image_key, publisher_id) VALUES (152, 'Портрет Дориана Грея', 'Книга Портрет Дориана Грея (Оскар Уайльд) 📖 В книжном интернет-магазине Читай-город вы можете легко и приятно заказать книгу. Бесплатная доставка по всей России, собственная программа лояльности. (978-5-17-099056-6)', '978-5-99-000152-1', 383, 'digital', NULL, 'books/book_152.pdf', 'covers/book_152.jpg', 104) ON CONFLICT (isbn) DO UPDATE SET title = EXCLUDED.title;
INSERT INTO bookshop.books (id, title, description, isbn, price, book_type, stock_quantity, file_key, cover_image_key, publisher_id) VALUES (153, 'Атомные привычки. Как приобрести хорошие привычки и избавиться от плохих', 'Книга Атомные привычки. Как приобрести хорошие привычки и избавиться от плохих (Джеймс Клир) 📖 В книжном интернет-магазине Читай-город вы можете легко и приятно заказать книгу. Бесплатная доставка по всей России, собственная программа лояльности. (978-5-4461-1216-6)', '978-5-99-000153-1', 1439, 'digital', NULL, 'books/book_153.pdf', 'covers/book_153.jpg', 112) ON CONFLICT (isbn) DO UPDATE SET title = EXCLUDED.title;
INSERT INTO bookshop.books (id, title, description, isbn, price, book_type, stock_quantity, file_key, cover_image_key, publisher_id) VALUES (154, 'Проект "Аве Мария"', 'Книга Проект "Аве Мария" (Энди Вейер) 📖 В книжном интернет-магазине Читай-город вы можете легко и приятно заказать книгу. Бесплатная доставка по всей России, собственная программа лояльности. (978-5-17-136008-5)', '978-5-99-000154-1', 1115, 'digital', NULL, 'books/book_154.pdf', 'covers/book_154.jpg', 104) ON CONFLICT (isbn) DO UPDATE SET title = EXCLUDED.title;
INSERT INTO bookshop.books (id, title, description, isbn, price, book_type, stock_quantity, file_key, cover_image_key, publisher_id) VALUES (155, 'Аид и Персефона. Симфония судьбы. Новелла', 'Книга Аид и Персефона. Симфония судьбы. Новелла (Дана Делон) 📖 В книжном интернет-магазине Читай-город вы можете легко и приятно заказать книгу. Бесплатная доставка по всей России, собственная программа лояльности. (978-5-00252-624-6)', '978-5-99-000155-1', 575, 'digital', NULL, 'books/book_155.pdf', 'covers/book_155.jpg', 102) ON CONFLICT (isbn) DO UPDATE SET title = EXCLUDED.title;
INSERT INTO bookshop.books (id, title, description, isbn, price, book_type, stock_quantity, file_key, cover_image_key, publisher_id) VALUES (156, 'Тени южной ночи', 'Книга Тени южной ночи (Татьяна Устинова) 📖 В книжном интернет-магазине Читай-город вы можете легко и приятно заказать книгу. Бесплатная доставка по всей России, собственная программа лояльности. (978-5-04-235845-6)', '978-5-99-000156-1', 959, 'digital', NULL, 'books/book_156.pdf', 'covers/book_156.jpg', 114) ON CONFLICT (isbn) DO UPDATE SET title = EXCLUDED.title;
INSERT INTO bookshop.books (id, title, description, isbn, price, book_type, stock_quantity, file_key, cover_image_key, publisher_id) VALUES (157, 'Зеленый свет', 'Книга Зеленый свет (Мэттью Макконахи) 📖 В книжном интернет-магазине Читай-город вы можете легко и приятно заказать книгу. Бесплатная доставка по всей России, собственная программа лояльности. (978-5-389-19099-3)', '978-5-99-000157-1', 1499, 'digital', NULL, 'books/book_157.pdf', 'covers/book_157.jpg', 105) ON CONFLICT (isbn) DO UPDATE SET title = EXCLUDED.title;
INSERT INTO bookshop.books (id, title, description, isbn, price, book_type, stock_quantity, file_key, cover_image_key, publisher_id) VALUES (158, 'Ртуть (выбор фанатов)', 'Книга Ртуть (выбор фанатов) (Калли Харт) 📖 В книжном интернет-магазине Читай-город вы можете легко и приятно заказать книгу. Бесплатная доставка по всей России, собственная программа лояльности. (978-5-17-178724-0)', '978-5-99-000158-1', 1679, 'digital', NULL, 'books/book_158.pdf', 'covers/book_158.jpg', 104) ON CONFLICT (isbn) DO UPDATE SET title = EXCLUDED.title;
INSERT INTO bookshop.books (id, title, description, isbn, price, book_type, stock_quantity, file_key, cover_image_key, publisher_id) VALUES (159, 'Гарри Поттер и философский камень', 'Книга Гарри Поттер и философский камень (Джоан Кэтлин Роулинг) 📖 В книжном интернет-магазине Читай-город вы можете легко и приятно заказать книгу. Бесплатная доставка по всей России, собственная программа лояльности. (978-5-389-07435-4)', '978-5-99-000159-1', 1439, 'digital', NULL, 'books/book_159.pdf', 'covers/book_159.jpg', 109) ON CONFLICT (isbn) DO UPDATE SET title = EXCLUDED.title;
INSERT INTO bookshop.books (id, title, description, isbn, price, book_type, stock_quantity, file_key, cover_image_key, publisher_id) VALUES (160, 'Поднятие уровня в одиночку. Том 13 (Solo Leveling). Манхва + мерч', 'Поднятие уровня в одиночку. Том 13 (Solo Leveling). Манхва + мерч 📖 Большой выбор разных произведений на интересующие темы. 🚚 У нас можно купить книги с бесплатной доставкой по всей России. (978-5-17-187733-0)', '978-5-99-000160-1', 2159, 'digital', NULL, 'books/book_160.pdf', 'covers/book_160.jpg', 104) ON CONFLICT (isbn) DO UPDATE SET title = EXCLUDED.title;
INSERT INTO bookshop.books (id, title, description, isbn, price, book_type, stock_quantity, file_key, cover_image_key, publisher_id) VALUES (161, 'Поднятие уровня в одиночку. Том 13 (Solo Leveling). Манхва + мерч (Чхугон ,  DUBU', 'Поднятие уровня в одиночку. Том 13 (Solo Leveling). Манхва + мерч 📖 Большой выбор разных произведений на интересующие темы. 🚚 У нас можно купить книги с бесплатной доставкой по всей России. (978-5-17-187733-0)', '978-5-99-000161-1', 2159, 'digital', NULL, 'books/book_161.pdf', 'covers/book_161.jpg', 104) ON CONFLICT (isbn) DO UPDATE SET title = EXCLUDED.title;
INSERT INTO bookshop.books (id, title, description, isbn, price, book_type, stock_quantity, file_key, cover_image_key, publisher_id) VALUES (162, 'Мы', 'Книга Мы (Евгений Замятин) 📖 В книжном интернет-магазине Читай-город вы можете легко и приятно заказать книгу. Бесплатная доставка по всей России, собственная программа лояльности. (978-5-17-147716-5)', '978-5-99-000162-1', 365, 'digital', NULL, 'books/book_162.pdf', 'covers/book_162.jpg', 104) ON CONFLICT (isbn) DO UPDATE SET title = EXCLUDED.title;
INSERT INTO bookshop.books (id, title, description, isbn, price, book_type, stock_quantity, file_key, cover_image_key, publisher_id) VALUES (163, 'Бойцовский клуб', 'Книга Бойцовский клуб (Чак Паланик) 📖 В книжном интернет-магазине Читай-город вы можете легко и приятно заказать книгу. Бесплатная доставка по всей России, собственная программа лояльности. (978-5-17-147507-9)', '978-5-99-000163-1', 479, 'digital', NULL, 'books/book_163.pdf', 'covers/book_163.jpg', 104) ON CONFLICT (isbn) DO UPDATE SET title = EXCLUDED.title;
INSERT INTO bookshop.books (id, title, description, isbn, price, book_type, stock_quantity, file_key, cover_image_key, publisher_id) VALUES (164, 'Человек недостойный', 'Книга Человек недостойный ( Дадзай Осаму) 📖 В книжном интернет-магазине Читай-город вы можете легко и приятно заказать книгу. Бесплатная доставка по всей России, собственная программа лояльности. (978-5-17-161044-9)', '978-5-99-000164-1', 383, 'digital', NULL, 'books/book_164.pdf', 'covers/book_164.jpg', 104) ON CONFLICT (isbn) DO UPDATE SET title = EXCLUDED.title;
INSERT INTO bookshop.books (id, title, description, isbn, price, book_type, stock_quantity, file_key, cover_image_key, publisher_id) VALUES (165, 'Убийство в "Восточном экспрессе"', 'Книга Убийство в "Восточном экспрессе" (Агата Кристи) 📖 В книжном интернет-магазине Читай-город вы можете легко и приятно заказать книгу. Бесплатная доставка по всей России, собственная программа лояльности. (978-5-04-099247-8)', '978-5-99-000165-1', 515, 'digital', NULL, 'books/book_165.pdf', 'covers/book_165.jpg', 114) ON CONFLICT (isbn) DO UPDATE SET title = EXCLUDED.title;
INSERT INTO bookshop.books (id, title, description, isbn, price, book_type, stock_quantity, file_key, cover_image_key, publisher_id) VALUES (166, 'Посторонний', 'Книга Посторонний (Альбер Камю) 📖 В книжном интернет-магазине Читай-город вы можете легко и приятно заказать книгу. Бесплатная доставка по всей России, собственная программа лояльности. (978-5-17-137323-8)', '978-5-99-000166-1', 407, 'digital', NULL, 'books/book_166.pdf', 'covers/book_166.jpg', 104) ON CONFLICT (isbn) DO UPDATE SET title = EXCLUDED.title;
INSERT INTO bookshop.books (id, title, description, isbn, price, book_type, stock_quantity, file_key, cover_image_key, publisher_id) VALUES (167, 'Девочка с лисьим хвостом. Повесть. Том 1', 'Книга Девочка с лисьим хвостом. Повесть. Том 1 (Сон Вон Пхён) 📖 В книжном интернет-магазине Читай-город вы можете легко и приятно заказать книгу. Бесплатная доставка по всей России, собственная программа лояльности. (978-5-00214-068-8)', '978-5-99-000167-1', 899, 'digital', NULL, 'books/book_167.pdf', 'covers/book_167.jpg', 108) ON CONFLICT (isbn) DO UPDATE SET title = EXCLUDED.title;
INSERT INTO bookshop.books (id, title, description, isbn, price, book_type, stock_quantity, file_key, cover_image_key, publisher_id) VALUES (168, 'Преследуя Аделин', 'Книга Преследуя Аделин (Х. Д. Карлтон) 📖 В книжном интернет-магазине Читай-город вы можете легко и приятно заказать книгу. Бесплатная доставка по всей России, собственная программа лояльности. (978-5-17-151116-6)', '978-5-99-000168-1', 1199, 'digital', NULL, 'books/book_168.pdf', 'covers/book_168.jpg', 104) ON CONFLICT (isbn) DO UPDATE SET title = EXCLUDED.title;
INSERT INTO bookshop.books (id, title, description, isbn, price, book_type, stock_quantity, file_key, cover_image_key, publisher_id) VALUES (169, 'К себе нежно. Книга о том, как ценить и беречь себя (покет)', 'Книга К себе нежно. Книга о том, как ценить и беречь себя (покет) (Ольга Примаченко) 📖 В книжном интернет-магазине Читай-город вы можете легко и приятно заказать книгу. Бесплатная доставка по всей России, собственная программа лояльности. (978-5-04-192078-4)', '978-5-99-000169-1', 755, 'digital', NULL, 'books/book_169.pdf', 'covers/book_169.jpg', 114) ON CONFLICT (isbn) DO UPDATE SET title = EXCLUDED.title;
INSERT INTO bookshop.books (id, title, description, isbn, price, book_type, stock_quantity, file_key, cover_image_key, publisher_id) VALUES (170, 'Ставок больше нет', 'Книга Ставок больше нет (Жан Сартр) 📖 В книжном интернет-магазине Читай-город вы можете легко и приятно заказать книгу. Бесплатная доставка по всей России, собственная программа лояльности. (978-5-17-119359-1)', '978-5-99-000170-1', 407, 'digital', NULL, 'books/book_170.pdf', 'covers/book_170.jpg', 104) ON CONFLICT (isbn) DO UPDATE SET title = EXCLUDED.title;
INSERT INTO bookshop.books (id, title, description, isbn, price, book_type, stock_quantity, file_key, cover_image_key, publisher_id) VALUES (171, 'Герой нашего времени: роман', 'Книга Герой нашего времени: роман (Михаил Лермонтов) 📖 В книжном интернет-магазине Читай-город вы можете легко и приятно заказать книгу. Бесплатная доставка по всей России, собственная программа лояльности. (978-5-17-092164-5)', '978-5-99-000171-1', 365, 'digital', NULL, 'books/book_171.pdf', 'covers/book_171.jpg', 104) ON CONFLICT (isbn) DO UPDATE SET title = EXCLUDED.title;
INSERT INTO bookshop.books (id, title, description, isbn, price, book_type, stock_quantity, file_key, cover_image_key, publisher_id) VALUES (172, 'Человек с миллионом. Что мы теряем, когда находим деньги', 'Книга Человек с миллионом. Что мы теряем, когда находим деньги (Гэнки Кавамура) 📖 В книжном интернет-магазине Читай-город вы можете легко и приятно заказать книгу. Бесплатная доставка по всей России, собственная программа лояльности. (978-5-04-211078-8)', '978-5-99-000172-1', 443, 'digital', NULL, 'books/book_172.pdf', 'covers/book_172.jpg', 114) ON CONFLICT (isbn) DO UPDATE SET title = EXCLUDED.title;
INSERT INTO bookshop.books (id, title, description, isbn, price, book_type, stock_quantity, file_key, cover_image_key, publisher_id) VALUES (173, 'Убийства на выставке собак. Детективное агентство «Благотворительный магазин» (#3)', 'Книга Убийства на выставке собак. Детективное агентство «Благотворительный магазин» (#3) (Питер Боланд) 📖 В книжном интернет-магазине Читай-город вы можете легко и приятно заказать книгу. Бесплатная доставка по всей России, собственная программа лояльности. (978-5-04-221318-2)', '978-5-99-000173-1', 995, 'digital', NULL, 'books/book_173.pdf', 'covers/book_173.jpg', 114) ON CONFLICT (isbn) DO UPDATE SET title = EXCLUDED.title;
INSERT INTO bookshop.books (id, title, description, isbn, price, book_type, stock_quantity, file_key, cover_image_key, publisher_id) VALUES (174, 'Сказать жизни "ДА!": психолог в концлагере', 'Книга Сказать жизни "ДА!": психолог в концлагере (Виктор Франкл) 📖 В книжном интернет-магазине Читай-город вы можете легко и приятно заказать книгу. Бесплатная доставка по всей России, собственная программа лояльности. (9785916712193)', '978-5-99-000174-1', 755, 'digital', NULL, 'books/book_174.pdf', 'covers/book_174.jpg', 106) ON CONFLICT (isbn) DO UPDATE SET title = EXCLUDED.title;
INSERT INTO bookshop.books (id, title, description, isbn, price, book_type, stock_quantity, file_key, cover_image_key, publisher_id) VALUES (175, 'Мередит. Тайны Лунного зала', 'Книга Мередит. Тайны Лунного зала (Роман Каграманов) 📖 В книжном интернет-магазине Читай-город вы можете легко и приятно заказать книгу. Бесплатная доставка по всей России, собственная программа лояльности. (978-5-04-232420-8)', '978-5-99-000175-1', 899, 'digital', NULL, 'books/book_175.pdf', 'covers/book_175.jpg', 114) ON CONFLICT (isbn) DO UPDATE SET title = EXCLUDED.title;
INSERT INTO bookshop.books (id, title, description, isbn, price, book_type, stock_quantity, file_key, cover_image_key, publisher_id) VALUES (176, 'Гвихоль. Красные чернила смерти. Том 1: роман', 'Книга Гвихоль. Красные чернила смерти. Том 1: роман (Ангелина Шэн) 📖 В книжном интернет-магазине Читай-город вы можете легко и приятно заказать книгу. Бесплатная доставка по всей России, собственная программа лояльности. (978-5-353-11820-6)', '978-5-99-000176-1', 1175, 'digital', NULL, 'books/book_176.pdf', 'covers/book_176.jpg', 111) ON CONFLICT (isbn) DO UPDATE SET title = EXCLUDED.title;
INSERT INTO bookshop.books (id, title, description, isbn, price, book_type, stock_quantity, file_key, cover_image_key, publisher_id) VALUES (177, 'Бесы. Роман', 'Книга Бесы. Роман (Федор Достоевский) 📖 В книжном интернет-магазине Читай-город вы можете легко и приятно заказать книгу. Бесплатная доставка по всей России, собственная программа лояльности. (978-5-17-138477-7)', '978-5-99-000177-1', 419, 'digital', NULL, 'books/book_177.pdf', 'covers/book_177.jpg', 104) ON CONFLICT (isbn) DO UPDATE SET title = EXCLUDED.title;
INSERT INTO bookshop.books (id, title, description, isbn, price, book_type, stock_quantity, file_key, cover_image_key, publisher_id) VALUES (178, 'Обществознание. 6-11 классы. Карманный справочник для подготовки к ЕГЭ, ОГЭ и ВПР', 'Книга Обществознание. 6-11 классы. Карманный справочник для подготовки к ЕГЭ, ОГЭ и ВПР (Ирина Крутова) 📖 В книжном интернет-магазине Читай-город вы можете легко и приятно заказать книгу. Бесплатная доставка по всей России, собственная программа лояльности. (978-5-04-206080-9)', '978-5-99-000178-1', 419, 'digital', NULL, 'books/book_178.pdf', 'covers/book_178.jpg', 114) ON CONFLICT (isbn) DO UPDATE SET title = EXCLUDED.title;
INSERT INTO bookshop.books (id, title, description, isbn, price, book_type, stock_quantity, file_key, cover_image_key, publisher_id) VALUES (179, 'Яма: роман', 'Книга Яма: роман (Александр Куприн) 📖 В книжном интернет-магазине Читай-город вы можете легко и приятно заказать книгу. Бесплатная доставка по всей России, собственная программа лояльности. (978-5-17-090480-8)', '978-5-99-000179-1', 371, 'digital', NULL, 'books/book_179.pdf', 'covers/book_179.jpg', 104) ON CONFLICT (isbn) DO UPDATE SET title = EXCLUDED.title;
INSERT INTO bookshop.books (id, title, description, isbn, price, book_type, stock_quantity, file_key, cover_image_key, publisher_id) VALUES (180, 'История. 9-11 классы. Карманный справочник', 'Книга История. 9-11 классы. Карманный справочник (Роман Пазин) 📖 В книжном интернет-магазине Читай-город вы можете легко и приятно заказать книгу. Бесплатная доставка по всей России, собственная программа лояльности. (978-5-91724-325-2)', '978-5-99-000180-1', 395, 'digital', NULL, 'books/book_180.pdf', 'covers/book_180.jpg', 107) ON CONFLICT (isbn) DO UPDATE SET title = EXCLUDED.title;
INSERT INTO bookshop.books (id, title, description, isbn, price, book_type, stock_quantity, file_key, cover_image_key, publisher_id) VALUES (181, 'Четвертое крыло: роман', 'Книга Четвертое крыло: роман (Ребекка Яррос) 📖 В книжном интернет-магазине Читай-город вы можете легко и приятно заказать книгу. Бесплатная доставка по всей России, собственная программа лояльности. (2000000425320)', '978-5-99-000181-1', 1919, 'digital', NULL, 'books/book_181.pdf', 'covers/book_181.jpg', 111) ON CONFLICT (isbn) DO UPDATE SET title = EXCLUDED.title;
INSERT INTO bookshop.books (id, title, description, isbn, price, book_type, stock_quantity, file_key, cover_image_key, publisher_id) VALUES (182, '1984: роман', 'Книга 1984: роман (Джордж Оруэлл) 📖 В книжном интернет-магазине Читай-город вы можете легко и приятно заказать книгу. Бесплатная доставка по всей России, собственная программа лояльности. (978-5-17-150043-6)', '978-5-99-000182-1', 875, 'digital', NULL, 'books/book_182.pdf', 'covers/book_182.jpg', 104) ON CONFLICT (isbn) DO UPDATE SET title = EXCLUDED.title;
INSERT INTO bookshop.books (id, title, description, isbn, price, book_type, stock_quantity, file_key, cover_image_key, publisher_id) VALUES (183, 'Граф Монте-Кристо [Роман. В 2 т.] Том I', 'Книга Граф Монте-Кристо [Роман. В 2 т.] Том I (Александр Дюма (отец)) 📖 В книжном интернет-магазине Читай-город вы можете легко и приятно заказать книгу. Бесплатная доставка по всей России, собственная программа лояльности. (978-5-17-103727-7)', '978-5-99-000183-1', 431, 'digital', NULL, 'books/book_183.pdf', 'covers/book_183.jpg', 104) ON CONFLICT (isbn) DO UPDATE SET title = EXCLUDED.title;
INSERT INTO bookshop.books (id, title, description, isbn, price, book_type, stock_quantity, file_key, cover_image_key, publisher_id) VALUES (184, 'Граф Монте-Кристо [Роман. В 2 т.] Том I (Александр Дюма', 'Книга Граф Монте-Кристо [Роман. В 2 т.] Том I (Александр Дюма (отец)) 📖 В книжном интернет-магазине Читай-город вы можете легко и приятно заказать книгу. Бесплатная доставка по всей России, собственная программа лояльности. (978-5-17-103727-7)', '978-5-99-000184-1', 431, 'digital', NULL, 'books/book_184.pdf', 'covers/book_184.jpg', 104) ON CONFLICT (isbn) DO UPDATE SET title = EXCLUDED.title;
INSERT INTO bookshop.books (id, title, description, isbn, price, book_type, stock_quantity, file_key, cover_image_key, publisher_id) VALUES (185, 'Роман с самим собой. Как уравновесить внутренние ян и инь и не отвлекаться на всякую хрень', 'Книга Роман с самим собой. Как уравновесить внутренние ян и инь и не отвлекаться на всякую хрень (Татьяна Мужицкая) 📖 В книжном интернет-магазине Читай-город вы можете легко и приятно заказать книгу. Бесплатная доставка по всей России, собственная программа лояльности. (978-5-04-188924-1)', '978-5-99-000185-1', 599, 'digital', NULL, 'books/book_185.pdf', 'covers/book_185.jpg', 114) ON CONFLICT (isbn) DO UPDATE SET title = EXCLUDED.title;
INSERT INTO bookshop.books (id, title, description, isbn, price, book_type, stock_quantity, file_key, cover_image_key, publisher_id) VALUES (186, 'Канашибари. Пока не погаснет последний фонарь. Том 4: роман', 'Книга Канашибари. Пока не погаснет последний фонарь. Том 4: роман (Ангелина Шэн) 📖 В книжном интернет-магазине Читай-город вы можете легко и приятно заказать книгу. Бесплатная доставка по всей России, собственная программа лояльности. (978-5-353-11553-3)', '978-5-99-000186-1', 1175, 'digital', NULL, 'books/book_186.pdf', 'covers/book_186.jpg', 111) ON CONFLICT (isbn) DO UPDATE SET title = EXCLUDED.title;
INSERT INTO bookshop.books (id, title, description, isbn, price, book_type, stock_quantity, file_key, cover_image_key, publisher_id) VALUES (187, 'Канашибари. Пока не погаснет последний фонарь. Том 2: роман', 'Книга Канашибари. Пока не погаснет последний фонарь. Том 2: роман (Ангелина Шэн) 📖 В книжном интернет-магазине Читай-город вы можете легко и приятно заказать книгу. Бесплатная доставка по всей России, собственная программа лояльности. (978-5-353-10899-3)', '978-5-99-000187-1', 1175, 'digital', NULL, 'books/book_187.pdf', 'covers/book_187.jpg', 111) ON CONFLICT (isbn) DO UPDATE SET title = EXCLUDED.title;
INSERT INTO bookshop.books (id, title, description, isbn, price, book_type, stock_quantity, file_key, cover_image_key, publisher_id) VALUES (188, 'Правда о деле Гарри Квеберта : роман', 'Книга Правда о деле Гарри Квеберта : роман (Жоэль Диккер) 📖 В книжном интернет-магазине Читай-город вы можете легко и приятно заказать книгу. Бесплатная доставка по всей России, собственная программа лояльности. (978-5-17-086262-7)', '978-5-99-000188-1', 1739, 'digital', NULL, 'books/book_188.pdf', 'covers/book_188.jpg', 103) ON CONFLICT (isbn) DO UPDATE SET title = EXCLUDED.title;
INSERT INTO bookshop.books (id, title, description, isbn, price, book_type, stock_quantity, file_key, cover_image_key, publisher_id) VALUES (189, 'Лавр : роман', 'Книга Лавр : роман (Евгений Водолазкин) 📖 В книжном интернет-магазине Читай-город вы можете легко и приятно заказать книгу. Бесплатная доставка по всей России, собственная программа лояльности. (978-5-17-078790-6)', '978-5-99-000189-1', 1679, 'digital', NULL, 'books/book_189.pdf', 'covers/book_189.jpg', 104) ON CONFLICT (isbn) DO UPDATE SET title = EXCLUDED.title;
INSERT INTO bookshop.books (id, title, description, isbn, price, book_type, stock_quantity, file_key, cover_image_key, publisher_id) VALUES (190, 'Анна Каренина: роман', 'Книга Анна Каренина: роман (Лев Толстой) 📖 В книжном интернет-магазине Читай-город вы можете легко и приятно заказать книгу. Бесплатная доставка по всей России, собственная программа лояльности. (978-5-17-087888-8)', '978-5-99-000190-1', 431, 'digital', NULL, 'books/book_190.pdf', 'covers/book_190.jpg', 104) ON CONFLICT (isbn) DO UPDATE SET title = EXCLUDED.title;
INSERT INTO bookshop.books (id, title, description, isbn, price, book_type, stock_quantity, file_key, cover_image_key, publisher_id) VALUES (191, 'Дочь священника : роман', 'Книга Дочь священника : роман (Джордж Оруэлл) 📖 В книжном интернет-магазине Читай-город вы можете легко и приятно заказать книгу. Бесплатная доставка по всей России, собственная программа лояльности. (978-5-17-089290-7)', '978-5-99-000191-1', 443, 'digital', NULL, 'books/book_191.pdf', 'covers/book_191.jpg', 104) ON CONFLICT (isbn) DO UPDATE SET title = EXCLUDED.title;
INSERT INTO bookshop.books (id, title, description, isbn, price, book_type, stock_quantity, file_key, cover_image_key, publisher_id) VALUES (192, 'Лучшее во мне: роман', 'Книга Лучшее во мне: роман (Николас Спаркс) 📖 В книжном интернет-магазине Читай-город вы можете легко и приятно заказать книгу. Бесплатная доставка по всей России, собственная программа лояльности. (978-5-17-155693-8)', '978-5-99-000192-1', 479, 'digital', NULL, 'books/book_192.pdf', 'covers/book_192.jpg', 104) ON CONFLICT (isbn) DO UPDATE SET title = EXCLUDED.title;
INSERT INTO bookshop.books (id, title, description, isbn, price, book_type, stock_quantity, file_key, cover_image_key, publisher_id) VALUES (193, 'Доктор Живаго : роман', 'Книга Доктор Живаго : роман (Борис Пастернак) 📖 В книжном интернет-магазине Читай-город вы можете легко и приятно заказать книгу. Бесплатная доставка по всей России, собственная программа лояльности. (978-5-17-088220-5)', '978-5-99-000193-1', 443, 'digital', NULL, 'books/book_193.pdf', 'covers/book_193.jpg', 104) ON CONFLICT (isbn) DO UPDATE SET title = EXCLUDED.title;
INSERT INTO bookshop.books (id, title, description, isbn, price, book_type, stock_quantity, file_key, cover_image_key, publisher_id) VALUES (194, 'Психотрюки. 69 приемов в общении, которым не учат в школе', 'Книга Психотрюки. 69 приемов в общении, которым не учат в школе (Игорь Рызов) 📖 В книжном интернет-магазине Читай-город вы можете легко и приятно заказать книгу. Бесплатная доставка по всей России, собственная программа лояльности. (978-5-04-119513-7)', '978-5-99-000194-1', 1199, 'digital', NULL, 'books/book_194.pdf', 'covers/book_194.jpg', 114) ON CONFLICT (isbn) DO UPDATE SET title = EXCLUDED.title;
INSERT INTO bookshop.books (id, title, description, isbn, price, book_type, stock_quantity, file_key, cover_image_key, publisher_id) VALUES (195, 'Кэрри: роман', 'Книга Кэрри: роман (Стивен Кинг) 📖 В книжном интернет-магазине Читай-город вы можете легко и приятно заказать книгу. Бесплатная доставка по всей России, собственная программа лояльности. (978-5-17-082440-3)', '978-5-99-000195-1', 779, 'digital', NULL, 'books/book_195.pdf', 'covers/book_195.jpg', 104) ON CONFLICT (isbn) DO UPDATE SET title = EXCLUDED.title;
INSERT INTO bookshop.books (id, title, description, isbn, price, book_type, stock_quantity, file_key, cover_image_key, publisher_id) VALUES (196, 'Граф Монте-Кристо [Роман. В 2 т.] Т. II', 'Книга Граф Монте-Кристо [Роман. В 2 т.] Т. II (Александр Дюма (отец)) 📖 В книжном интернет-магазине Читай-город вы можете легко и приятно заказать книгу. Бесплатная доставка по всей России, собственная программа лояльности. (978-5-17-103728-4)', '978-5-99-000196-1', 431, 'digital', NULL, 'books/book_196.pdf', 'covers/book_196.jpg', 104) ON CONFLICT (isbn) DO UPDATE SET title = EXCLUDED.title;
INSERT INTO bookshop.books (id, title, description, isbn, price, book_type, stock_quantity, file_key, cover_image_key, publisher_id) VALUES (197, 'Граф Монте-Кристо [Роман. В 2 т.] Т. II (Александр Дюма', 'Книга Граф Монте-Кристо [Роман. В 2 т.] Т. II (Александр Дюма (отец)) 📖 В книжном интернет-магазине Читай-город вы можете легко и приятно заказать книгу. Бесплатная доставка по всей России, собственная программа лояльности. (978-5-17-103728-4)', '978-5-99-000197-1', 431, 'digital', NULL, 'books/book_197.pdf', 'covers/book_197.jpg', 104) ON CONFLICT (isbn) DO UPDATE SET title = EXCLUDED.title;
INSERT INTO bookshop.books (id, title, description, isbn, price, book_type, stock_quantity, file_key, cover_image_key, publisher_id) VALUES (198, 'Аэропорт: роман', 'Книга Аэропорт: роман (Артур Хейли) 📖 В книжном интернет-магазине Читай-город вы можете легко и приятно заказать книгу. Бесплатная доставка по всей России, собственная программа лояльности. (978-5-17-086144-6)', '978-5-99-000198-1', 659, 'digital', NULL, 'books/book_198.pdf', 'covers/book_198.jpg', 104) ON CONFLICT (isbn) DO UPDATE SET title = EXCLUDED.title;
INSERT INTO bookshop.books (id, title, description, isbn, price, book_type, stock_quantity, file_key, cover_image_key, publisher_id) VALUES (199, 'Выбор : роман', 'Книга Выбор : роман (Николас Спаркс) 📖 В книжном интернет-магазине Читай-город вы можете легко и приятно заказать книгу. Бесплатная доставка по всей России, собственная программа лояльности. (978-5-17-982731-3)', '978-5-99-000199-1', 467, 'digital', NULL, 'books/book_199.pdf', 'covers/book_199.jpg', 104) ON CONFLICT (isbn) DO UPDATE SET title = EXCLUDED.title;
INSERT INTO bookshop.books (id, title, description, isbn, price, book_type, stock_quantity, file_key, cover_image_key, publisher_id) VALUES (200, 'ФНАФ Серебряные глаза. Графический роман (#1)', 'ФНАФ Серебряные глаза. Графический роман (#1) 📖 Большой выбор разных произведений на интересующие темы. 🚚 У нас можно купить книги с бесплатной доставкой по всей России. (978-5-04-107003-8)', '978-5-99-000200-1', 1439, 'digital', NULL, 'books/book_200.pdf', 'covers/book_200.jpg', 114) ON CONFLICT (isbn) DO UPDATE SET title = EXCLUDED.title;
INSERT INTO bookshop.books (id, title, description, isbn, price, book_type, stock_quantity, file_key, cover_image_key, publisher_id) VALUES (201, '1984 (новый перевод): роман', 'Книга 1984 (новый перевод): роман (Джордж Оруэлл) 📖 В книжном интернет-магазине Читай-город вы можете легко и приятно заказать книгу. Бесплатная доставка по всей России, собственная программа лояльности. (978-5-9614-8080-1)', '978-5-99-000201-1', 443, 'digital', NULL, 'books/book_201.pdf', 'covers/book_201.jpg', 106) ON CONFLICT (isbn) DO UPDATE SET title = EXCLUDED.title;
INSERT INTO bookshop.books (id, title, description, isbn, price, book_type, stock_quantity, file_key, cover_image_key, publisher_id) VALUES (202, 'Внутри убийцы (#1)', 'Книга Внутри убийцы (#1) (Майк Омер) 📖 В книжном интернет-магазине Читай-город вы можете легко и приятно заказать книгу. Бесплатная доставка по всей России, собственная программа лояльности. (978-5-04-105557-8)', '978-5-99-000202-1', 1079, 'digital', NULL, 'books/book_202.pdf', 'covers/book_202.jpg', 114) ON CONFLICT (isbn) DO UPDATE SET title = EXCLUDED.title;
INSERT INTO bookshop.books (id, title, description, isbn, price, book_type, stock_quantity, file_key, cover_image_key, publisher_id) VALUES (203, 'Гравити Фолз. Графический роман. Вып. 1', 'Книга Гравити Фолз. Графический роман. Вып. 1 (Алекс Хирш) 📖 В книжном интернет-магазине Читай-город вы можете легко и приятно заказать книгу. Бесплатная доставка по всей России, собственная программа лояльности. (978-5-699-90189-0)', '978-5-99-000203-1', 1079, 'digital', NULL, 'books/book_203.pdf', 'covers/book_203.jpg', 114) ON CONFLICT (isbn) DO UPDATE SET title = EXCLUDED.title;
INSERT INTO bookshop.books (id, title, description, isbn, price, book_type, stock_quantity, file_key, cover_image_key, publisher_id) VALUES (204, 'Сто лет одиночества: роман', 'Книга Сто лет одиночества: роман (Габриэль Гарсиа Маркес) 📖 В книжном интернет-магазине Читай-город вы можете легко и приятно заказать книгу. Бесплатная доставка по всей России, собственная программа лояльности. (978-5-17-090831-8)', '978-5-99-000204-1', 875, 'digital', NULL, 'books/book_204.pdf', 'covers/book_204.jpg', 104) ON CONFLICT (isbn) DO UPDATE SET title = EXCLUDED.title;
INSERT INTO bookshop.books (id, title, description, isbn, price, book_type, stock_quantity, file_key, cover_image_key, publisher_id) VALUES (205, 'Война и мир. Книга 1 (тт. 1, 2 : роман)', 'Книга Война и мир. Книга 1 (тт. 1, 2 : роман) (Лев Толстой) 📖 В книжном интернет-магазине Читай-город вы можете легко и приятно заказать книгу. Бесплатная доставка по всей России, собственная программа лояльности. (978-5-17-090468-6)', '978-5-99-000205-1', 467, 'digital', NULL, 'books/book_205.pdf', 'covers/book_205.jpg', 104) ON CONFLICT (isbn) DO UPDATE SET title = EXCLUDED.title;
INSERT INTO bookshop.books (id, title, description, isbn, price, book_type, stock_quantity, file_key, cover_image_key, publisher_id) VALUES (206, 'Романы Анны Джейн (подарочные). #НенавистьЛюбовь', 'Книга Романы Анны Джейн (подарочные). #НенавистьЛюбовь (Анна Джейн) 📖 В книжном интернет-магазине Читай-город вы можете легко и приятно заказать книгу. Бесплатная доставка по всей России, собственная программа лояльности. (978-5-00252-130-2)', '978-5-99-000206-1', 1055, 'digital', NULL, 'books/book_206.pdf', 'covers/book_206.jpg', 102) ON CONFLICT (isbn) DO UPDATE SET title = EXCLUDED.title;
INSERT INTO bookshop.books (id, title, description, isbn, price, book_type, stock_quantity, file_key, cover_image_key, publisher_id) VALUES (207, 'Роман о двух мирах', 'Книга Роман о двух мирах (Мария Корелли) 📖 В книжном интернет-магазине Читай-город вы можете легко и приятно заказать книгу. Бесплатная доставка по всей России, собственная программа лояльности. (978-5-17-181260-7)', '978-5-99-000207-1', 395, 'digital', NULL, 'books/book_207.pdf', 'covers/book_207.jpg', 104) ON CONFLICT (isbn) DO UPDATE SET title = EXCLUDED.title;
INSERT INTO bookshop.books (id, title, description, isbn, price, book_type, stock_quantity, file_key, cover_image_key, publisher_id) VALUES (208, 'Гончие Лилит', 'Книга Гончие Лилит (Кристина Старк) 📖 В книжном интернет-магазине Читай-город вы можете легко и приятно заказать книгу. Бесплатная доставка по всей России, собственная программа лояльности. (978-5-17-109518-5)', '978-5-99-000208-1', 1079, 'digital', NULL, 'books/book_208.pdf', 'covers/book_208.jpg', 104) ON CONFLICT (isbn) DO UPDATE SET title = EXCLUDED.title;
INSERT INTO bookshop.books (id, title, description, isbn, price, book_type, stock_quantity, file_key, cover_image_key, publisher_id) VALUES (209, 'Тихий Дон. [Роман. В 2 т.]. Т. I', 'Книга Тихий Дон. [Роман. В 2 т.]. Т. I (Михаил Шолохов) 📖 В книжном интернет-магазине Читай-город вы можете легко и приятно заказать книгу. Бесплатная доставка по всей России, собственная программа лояльности. (978-5-17-065212-9)', '978-5-99-000209-1', 599, 'digital', NULL, 'books/book_209.pdf', 'covers/book_209.jpg', 104) ON CONFLICT (isbn) DO UPDATE SET title = EXCLUDED.title;
INSERT INTO bookshop.books (id, title, description, isbn, price, book_type, stock_quantity, file_key, cover_image_key, publisher_id) VALUES (210, '12 правил, чтобы не влюбиться', 'Книга 12 правил, чтобы не влюбиться (Сара Нэй) 📖 В книжном интернет-магазине Читай-город вы можете легко и приятно заказать книгу. Бесплатная доставка по всей России, собственная программа лояльности. (978-5-00252-430-3)', '978-5-99-000210-1', 599, 'digital', NULL, 'books/book_210.pdf', 'covers/book_210.jpg', 102) ON CONFLICT (isbn) DO UPDATE SET title = EXCLUDED.title;
INSERT INTO bookshop.books (id, title, description, isbn, price, book_type, stock_quantity, file_key, cover_image_key, publisher_id) VALUES (211, 'ЕГЭ-2026. Русский язык. Типовые экзаменационные варианты. 36 вариантов', 'Книга ЕГЭ-2026. Русский язык. Типовые экзаменационные варианты. 36 вариантов (Роман Дощинский) 📖 В книжном интернет-магазине Читай-город вы можете легко и приятно заказать книгу. Бесплатная доставка по всей России, собственная программа лояльности. (978-5-4454-1884-9)', '978-5-99-000211-1', 1439, 'digital', NULL, 'books/book_211.pdf', 'covers/book_211.jpg', 110) ON CONFLICT (isbn) DO UPDATE SET title = EXCLUDED.title;
INSERT INTO bookshop.books (id, title, description, isbn, price, book_type, stock_quantity, file_key, cover_image_key, publisher_id) VALUES (212, 'Акушерка Аушвица. Основано на реальных событиях', 'Книга Акушерка Аушвица. Основано на реальных событиях (Анна Стюарт) 📖 В книжном интернет-магазине Читай-город вы можете легко и приятно заказать книгу. Бесплатная доставка по всей России, собственная программа лояльности. (978-5-04-206771-6)', '978-5-99-000212-1', 779, 'digital', NULL, 'books/book_212.pdf', 'covers/book_212.jpg', 114) ON CONFLICT (isbn) DO UPDATE SET title = EXCLUDED.title;
INSERT INTO bookshop.books (id, title, description, isbn, price, book_type, stock_quantity, file_key, cover_image_key, publisher_id) VALUES (213, 'Завет воды: Роман', 'Книга Завет воды: Роман (Абрахам Вергезе) 📖 В книжном интернет-магазине Читай-город вы можете легко и приятно заказать книгу. Бесплатная доставка по всей России, собственная программа лояльности. (978-5-86471-959-6)', '978-5-99-000213-1', 1739, 'digital', NULL, 'books/book_213.pdf', 'covers/book_213.jpg', 113) ON CONFLICT (isbn) DO UPDATE SET title = EXCLUDED.title;
INSERT INTO bookshop.books (id, title, description, isbn, price, book_type, stock_quantity, file_key, cover_image_key, publisher_id) VALUES (214, 'Смысл. Том 3', 'Смысл. Том 3 📖 Большой выбор разных произведений на интересующие темы. 🚚 У нас можно купить книги с бесплатной доставкой по всей России. (978-5-04-229399-3)', '978-5-99-000214-1', 1799, 'digital', NULL, 'books/book_214.pdf', 'covers/book_214.jpg', 114) ON CONFLICT (isbn) DO UPDATE SET title = EXCLUDED.title;
INSERT INTO bookshop.books (id, title, description, isbn, price, book_type, stock_quantity, file_key, cover_image_key, publisher_id) VALUES (215, 'Под куполом : роман', 'Книга Под куполом : роман (Стивен Кинг) 📖 В книжном интернет-магазине Читай-город вы можете легко и приятно заказать книгу. Бесплатная доставка по всей России, собственная программа лояльности. (978-5-17-074852-5)', '978-5-99-000215-1', 1439, 'digital', NULL, 'books/book_215.pdf', 'covers/book_215.jpg', 104) ON CONFLICT (isbn) DO UPDATE SET title = EXCLUDED.title;
INSERT INTO bookshop.books (id, title, description, isbn, price, book_type, stock_quantity, file_key, cover_image_key, publisher_id) VALUES (216, 'Гравити Фолз. Забытые легенды. Графический роман.', 'Книга Гравити Фолз. Забытые легенды. Графический роман. (Алекс Хирш) 📖 В книжном интернет-магазине Читай-город вы можете легко и приятно заказать книгу. Бесплатная доставка по всей России, собственная программа лояльности. (978-5-699-99343-7)', '978-5-99-000216-1', 1439, 'digital', NULL, 'books/book_216.pdf', 'covers/book_216.jpg', 114) ON CONFLICT (isbn) DO UPDATE SET title = EXCLUDED.title;

INSERT INTO bookshop.book_authors (book_id, author_id) VALUES (161, 100) ON CONFLICT DO NOTHING;
INSERT INTO bookshop.book_authors (book_id, author_id) VALUES (184, 101) ON CONFLICT DO NOTHING;
INSERT INTO bookshop.book_authors (book_id, author_id) VALUES (197, 101) ON CONFLICT DO NOTHING;

INSERT INTO bookshop.book_categories (book_id, category_id) VALUES (117, 115) ON CONFLICT DO NOTHING;
INSERT INTO bookshop.book_categories (book_id, category_id) VALUES (118, 115) ON CONFLICT DO NOTHING;
INSERT INTO bookshop.book_categories (book_id, category_id) VALUES (119, 115) ON CONFLICT DO NOTHING;
INSERT INTO bookshop.book_categories (book_id, category_id) VALUES (120, 115) ON CONFLICT DO NOTHING;
INSERT INTO bookshop.book_categories (book_id, category_id) VALUES (121, 115) ON CONFLICT DO NOTHING;
INSERT INTO bookshop.book_categories (book_id, category_id) VALUES (122, 115) ON CONFLICT DO NOTHING;
INSERT INTO bookshop.book_categories (book_id, category_id) VALUES (123, 115) ON CONFLICT DO NOTHING;
INSERT INTO bookshop.book_categories (book_id, category_id) VALUES (124, 115) ON CONFLICT DO NOTHING;
INSERT INTO bookshop.book_categories (book_id, category_id) VALUES (125, 115) ON CONFLICT DO NOTHING;
INSERT INTO bookshop.book_categories (book_id, category_id) VALUES (126, 115) ON CONFLICT DO NOTHING;
INSERT INTO bookshop.book_categories (book_id, category_id) VALUES (127, 115) ON CONFLICT DO NOTHING;
INSERT INTO bookshop.book_categories (book_id, category_id) VALUES (128, 115) ON CONFLICT DO NOTHING;
INSERT INTO bookshop.book_categories (book_id, category_id) VALUES (129, 115) ON CONFLICT DO NOTHING;
INSERT INTO bookshop.book_categories (book_id, category_id) VALUES (130, 115) ON CONFLICT DO NOTHING;
INSERT INTO bookshop.book_categories (book_id, category_id) VALUES (131, 115) ON CONFLICT DO NOTHING;
INSERT INTO bookshop.book_categories (book_id, category_id) VALUES (132, 115) ON CONFLICT DO NOTHING;
INSERT INTO bookshop.book_categories (book_id, category_id) VALUES (133, 115) ON CONFLICT DO NOTHING;
INSERT INTO bookshop.book_categories (book_id, category_id) VALUES (134, 115) ON CONFLICT DO NOTHING;
INSERT INTO bookshop.book_categories (book_id, category_id) VALUES (135, 115) ON CONFLICT DO NOTHING;
INSERT INTO bookshop.book_categories (book_id, category_id) VALUES (136, 115) ON CONFLICT DO NOTHING;
INSERT INTO bookshop.book_categories (book_id, category_id) VALUES (137, 115) ON CONFLICT DO NOTHING;
INSERT INTO bookshop.book_categories (book_id, category_id) VALUES (138, 115) ON CONFLICT DO NOTHING;
INSERT INTO bookshop.book_categories (book_id, category_id) VALUES (139, 115) ON CONFLICT DO NOTHING;
INSERT INTO bookshop.book_categories (book_id, category_id) VALUES (140, 115) ON CONFLICT DO NOTHING;
INSERT INTO bookshop.book_categories (book_id, category_id) VALUES (141, 115) ON CONFLICT DO NOTHING;
INSERT INTO bookshop.book_categories (book_id, category_id) VALUES (142, 115) ON CONFLICT DO NOTHING;
INSERT INTO bookshop.book_categories (book_id, category_id) VALUES (143, 115) ON CONFLICT DO NOTHING;
INSERT INTO bookshop.book_categories (book_id, category_id) VALUES (144, 115) ON CONFLICT DO NOTHING;
INSERT INTO bookshop.book_categories (book_id, category_id) VALUES (145, 115) ON CONFLICT DO NOTHING;
INSERT INTO bookshop.book_categories (book_id, category_id) VALUES (146, 115) ON CONFLICT DO NOTHING;
INSERT INTO bookshop.book_categories (book_id, category_id) VALUES (147, 115) ON CONFLICT DO NOTHING;
INSERT INTO bookshop.book_categories (book_id, category_id) VALUES (148, 115) ON CONFLICT DO NOTHING;
INSERT INTO bookshop.book_categories (book_id, category_id) VALUES (149, 115) ON CONFLICT DO NOTHING;
INSERT INTO bookshop.book_categories (book_id, category_id) VALUES (150, 115) ON CONFLICT DO NOTHING;
INSERT INTO bookshop.book_categories (book_id, category_id) VALUES (151, 115) ON CONFLICT DO NOTHING;
INSERT INTO bookshop.book_categories (book_id, category_id) VALUES (152, 115) ON CONFLICT DO NOTHING;
INSERT INTO bookshop.book_categories (book_id, category_id) VALUES (153, 115) ON CONFLICT DO NOTHING;
INSERT INTO bookshop.book_categories (book_id, category_id) VALUES (154, 115) ON CONFLICT DO NOTHING;
INSERT INTO bookshop.book_categories (book_id, category_id) VALUES (155, 115) ON CONFLICT DO NOTHING;
INSERT INTO bookshop.book_categories (book_id, category_id) VALUES (156, 115) ON CONFLICT DO NOTHING;
INSERT INTO bookshop.book_categories (book_id, category_id) VALUES (157, 115) ON CONFLICT DO NOTHING;
INSERT INTO bookshop.book_categories (book_id, category_id) VALUES (158, 115) ON CONFLICT DO NOTHING;
INSERT INTO bookshop.book_categories (book_id, category_id) VALUES (159, 115) ON CONFLICT DO NOTHING;
INSERT INTO bookshop.book_categories (book_id, category_id) VALUES (160, 115) ON CONFLICT DO NOTHING;
INSERT INTO bookshop.book_categories (book_id, category_id) VALUES (161, 115) ON CONFLICT DO NOTHING;
INSERT INTO bookshop.book_categories (book_id, category_id) VALUES (162, 115) ON CONFLICT DO NOTHING;
INSERT INTO bookshop.book_categories (book_id, category_id) VALUES (163, 115) ON CONFLICT DO NOTHING;
INSERT INTO bookshop.book_categories (book_id, category_id) VALUES (164, 115) ON CONFLICT DO NOTHING;
INSERT INTO bookshop.book_categories (book_id, category_id) VALUES (165, 115) ON CONFLICT DO NOTHING;
INSERT INTO bookshop.book_categories (book_id, category_id) VALUES (166, 115) ON CONFLICT DO NOTHING;
INSERT INTO bookshop.book_categories (book_id, category_id) VALUES (167, 115) ON CONFLICT DO NOTHING;
INSERT INTO bookshop.book_categories (book_id, category_id) VALUES (168, 115) ON CONFLICT DO NOTHING;
INSERT INTO bookshop.book_categories (book_id, category_id) VALUES (169, 115) ON CONFLICT DO NOTHING;
INSERT INTO bookshop.book_categories (book_id, category_id) VALUES (170, 115) ON CONFLICT DO NOTHING;
INSERT INTO bookshop.book_categories (book_id, category_id) VALUES (171, 115) ON CONFLICT DO NOTHING;
INSERT INTO bookshop.book_categories (book_id, category_id) VALUES (172, 115) ON CONFLICT DO NOTHING;
INSERT INTO bookshop.book_categories (book_id, category_id) VALUES (173, 115) ON CONFLICT DO NOTHING;
INSERT INTO bookshop.book_categories (book_id, category_id) VALUES (174, 115) ON CONFLICT DO NOTHING;
INSERT INTO bookshop.book_categories (book_id, category_id) VALUES (175, 115) ON CONFLICT DO NOTHING;
INSERT INTO bookshop.book_categories (book_id, category_id) VALUES (176, 115) ON CONFLICT DO NOTHING;
INSERT INTO bookshop.book_categories (book_id, category_id) VALUES (177, 115) ON CONFLICT DO NOTHING;
INSERT INTO bookshop.book_categories (book_id, category_id) VALUES (178, 115) ON CONFLICT DO NOTHING;
INSERT INTO bookshop.book_categories (book_id, category_id) VALUES (179, 115) ON CONFLICT DO NOTHING;
INSERT INTO bookshop.book_categories (book_id, category_id) VALUES (180, 115) ON CONFLICT DO NOTHING;
INSERT INTO bookshop.book_categories (book_id, category_id) VALUES (181, 115) ON CONFLICT DO NOTHING;
INSERT INTO bookshop.book_categories (book_id, category_id) VALUES (182, 115) ON CONFLICT DO NOTHING;
INSERT INTO bookshop.book_categories (book_id, category_id) VALUES (183, 115) ON CONFLICT DO NOTHING;
INSERT INTO bookshop.book_categories (book_id, category_id) VALUES (184, 115) ON CONFLICT DO NOTHING;
INSERT INTO bookshop.book_categories (book_id, category_id) VALUES (185, 115) ON CONFLICT DO NOTHING;
INSERT INTO bookshop.book_categories (book_id, category_id) VALUES (186, 115) ON CONFLICT DO NOTHING;
INSERT INTO bookshop.book_categories (book_id, category_id) VALUES (187, 115) ON CONFLICT DO NOTHING;
INSERT INTO bookshop.book_categories (book_id, category_id) VALUES (188, 115) ON CONFLICT DO NOTHING;
INSERT INTO bookshop.book_categories (book_id, category_id) VALUES (189, 115) ON CONFLICT DO NOTHING;
INSERT INTO bookshop.book_categories (book_id, category_id) VALUES (190, 115) ON CONFLICT DO NOTHING;
INSERT INTO bookshop.book_categories (book_id, category_id) VALUES (191, 115) ON CONFLICT DO NOTHING;
INSERT INTO bookshop.book_categories (book_id, category_id) VALUES (192, 115) ON CONFLICT DO NOTHING;
INSERT INTO bookshop.book_categories (book_id, category_id) VALUES (193, 115) ON CONFLICT DO NOTHING;
INSERT INTO bookshop.book_categories (book_id, category_id) VALUES (194, 115) ON CONFLICT DO NOTHING;
INSERT INTO bookshop.book_categories (book_id, category_id) VALUES (195, 115) ON CONFLICT DO NOTHING;
INSERT INTO bookshop.book_categories (book_id, category_id) VALUES (196, 115) ON CONFLICT DO NOTHING;
INSERT INTO bookshop.book_categories (book_id, category_id) VALUES (197, 115) ON CONFLICT DO NOTHING;
INSERT INTO bookshop.book_categories (book_id, category_id) VALUES (198, 115) ON CONFLICT DO NOTHING;
INSERT INTO bookshop.book_categories (book_id, category_id) VALUES (199, 115) ON CONFLICT DO NOTHING;
INSERT INTO bookshop.book_categories (book_id, category_id) VALUES (200, 115) ON CONFLICT DO NOTHING;
INSERT INTO bookshop.book_categories (book_id, category_id) VALUES (201, 115) ON CONFLICT DO NOTHING;
INSERT INTO bookshop.book_categories (book_id, category_id) VALUES (202, 115) ON CONFLICT DO NOTHING;
INSERT INTO bookshop.book_categories (book_id, category_id) VALUES (203, 115) ON CONFLICT DO NOTHING;
INSERT INTO bookshop.book_categories (book_id, category_id) VALUES (204, 115) ON CONFLICT DO NOTHING;
INSERT INTO bookshop.book_categories (book_id, category_id) VALUES (205, 115) ON CONFLICT DO NOTHING;
INSERT INTO bookshop.book_categories (book_id, category_id) VALUES (206, 115) ON CONFLICT DO NOTHING;
INSERT INTO bookshop.book_categories (book_id, category_id) VALUES (207, 115) ON CONFLICT DO NOTHING;
INSERT INTO bookshop.book_categories (book_id, category_id) VALUES (208, 115) ON CONFLICT DO NOTHING;
INSERT INTO bookshop.book_categories (book_id, category_id) VALUES (209, 115) ON CONFLICT DO NOTHING;
INSERT INTO bookshop.book_categories (book_id, category_id) VALUES (210, 115) ON CONFLICT DO NOTHING;
INSERT INTO bookshop.book_categories (book_id, category_id) VALUES (211, 115) ON CONFLICT DO NOTHING;
INSERT INTO bookshop.book_categories (book_id, category_id) VALUES (212, 115) ON CONFLICT DO NOTHING;
INSERT INTO bookshop.book_categories (book_id, category_id) VALUES (213, 115) ON CONFLICT DO NOTHING;
INSERT INTO bookshop.book_categories (book_id, category_id) VALUES (214, 115) ON CONFLICT DO NOTHING;
INSERT INTO bookshop.book_categories (book_id, category_id) VALUES (215, 115) ON CONFLICT DO NOTHING;
INSERT INTO bookshop.book_categories (book_id, category_id) VALUES (216, 115) ON CONFLICT DO NOTHING;

SELECT setval('bookshop.books_id_seq', 216);

COMMIT;